ã‚¨ã‚¯ã‚¹ãƒãƒ¼ãƒˆæ—¥æ™‚(UTC),ã‚¨ã‚¯ã‚¹ãƒãƒ¼ãƒˆæ—¥æ™‚(JST),ãƒªãƒã‚¸ãƒˆãƒªå,ãƒ•ãƒ«ãƒãƒ¼ãƒ ,èª¬æ˜,ã‚¹ãƒ†ãƒ¼ã‚¿ã‚¹,æ´»å‹•ç¨®åˆ¥,æœ€çµ‚æ´»å‹•ã‹ã‚‰ã®æ—¥æ•°,ã‚¹ã‚¿ãƒ¼æ•°,ãƒ•ã‚©ãƒ¼ã‚¯æ•°,ã‚¦ã‚©ãƒƒãƒãƒ£ãƒ¼æ•°,æœªè§£æ±ºIssueæ•°,ã‚¯ãƒ­ãƒ¼ã‚ºæ¸ˆã¿Issueæ•°,ã‚³ãƒŸãƒƒãƒˆæ•°,ã‚µã‚¤ã‚º,ä½¿ç”¨è¨€èª,ãƒ©ã‚¤ã‚»ãƒ³ã‚¹,ãƒˆãƒ”ãƒƒã‚¯,ã‚¢ãƒ¼ã‚«ã‚¤ãƒ–çŠ¶æ…‹,å…¬é–‹çŠ¶æ…‹,ãƒ‡ãƒ•ã‚©ãƒ«ãƒˆãƒ–ãƒ©ãƒ³ãƒ,Issuesæœ‰åŠ¹,Wikiæœ‰åŠ¹,Projectsæœ‰åŠ¹,ãƒ›ãƒ¼ãƒ ãƒšãƒ¼ã‚¸,ä½œæˆæ—¥,æœ€çµ‚æ›´æ–°æ—¥,æœ€çµ‚Pushæ—¥,Issueæœ€çµ‚æ›´æ–°æ—¥,æœ€æ–°ãƒªãƒªãƒ¼ã‚¹,URL
2026-01-29T18:55:56.924Z,2026-01-30T03:55:56.924+09:00,repo-observer,KenichiroArai/repo-observer,ãƒªãƒã‚¸ãƒˆãƒªãƒ»ã‚ªãƒ–ã‚¶ãƒ¼ãƒãƒ¼,é »ç¹ã«æ›´æ–°,Push,1,0,0,0,57,1,75,435 KB,TypeScript,ãƒ©ã‚¤ã‚»ãƒ³ã‚¹ãªã—,ãƒˆãƒ”ãƒƒã‚¯ãªã—,âœ… ã‚¢ã‚¯ãƒ†ã‚£ãƒ–,ğŸ”“ ãƒ‘ãƒ–ãƒªãƒƒã‚¯,main,ã¯ã„,ã¯ã„,ã¯ã„,ãªã—,2025-12-02,2026-01-28,2026-01-28,2026-01-01,v1.2.1 (2025-12-10),https://github.com/KenichiroArai/repo-observer
2026-01-29T18:55:56.924Z,2026-01-30T03:55:56.924+09:00,Blog,KenichiroArai/Blog,èª¬æ˜ãªã—,é »ç¹ã«æ›´æ–°,Push,1,0,0,0,0,36,1215,75 MB,HTML,MIT License,ãƒˆãƒ”ãƒƒã‚¯ãªã—,âœ… ã‚¢ã‚¯ãƒ†ã‚£ãƒ–,ğŸ”“ ãƒ‘ãƒ–ãƒªãƒƒã‚¯,main,ã¯ã„,ã¯ã„,ã¯ã„,ãªã—,2018-09-24,2026-01-28,2026-01-28,2025-12-11,ãƒªãƒªãƒ¼ã‚¹ãªã—,https://github.com/KenichiroArai/Blog
2026-01-29T18:55:56.924Z,2026-01-30T03:55:56.924+09:00,kmg-tool-cli,KenichiroArai/kmg-tool-cli,KMGãƒ„ãƒ¼ãƒ«ã®CLIã€‚,é »ç¹ã«æ›´æ–°,Push,0,0,0,0,3,12,60,380 KB,Java,MIT License,ãƒˆãƒ”ãƒƒã‚¯ãªã—,âœ… ã‚¢ã‚¯ãƒ†ã‚£ãƒ–,ğŸ”“ ãƒ‘ãƒ–ãƒªãƒƒã‚¯,main,ã¯ã„,ã¯ã„,ã¯ã„,ãªã—,2025-10-18,2026-01-27,2026-01-29,2026-01-29,v0.1.2 (2026-01-22),https://github.com/KenichiroArai/kmg-tool-cli
2026-01-29T18:55:56.924Z,2026-01-30T03:55:56.924+09:00,kmg-tool-base,KenichiroArai/kmg-tool-base,KMGãƒ„ãƒ¼ãƒ«ã€‚Javaé–‹ç™ºã«ãŠã‘ã‚‹åŸºæœ¬çš„ãªãƒ„ãƒ¼ãƒ«ã‚„KMGã‚·ãƒªãƒ¼ã‚ºã®ãƒ„ãƒ¼ãƒ«ã®åŸºç›¤ã¨ãªã‚‹ãƒ—ãƒ­ã‚¸ã‚§ã‚¯ãƒˆã§ã™ã€‚,é »ç¹ã«æ›´æ–°,Issueæ›´æ–°,2,0,0,0,0,130,1644,5 MB,Java,MIT License,ãƒˆãƒ”ãƒƒã‚¯ãªã—,âœ… ã‚¢ã‚¯ãƒ†ã‚£ãƒ–,ğŸ”“ ãƒ‘ãƒ–ãƒªãƒƒã‚¯,main,ã¯ã„,ã¯ã„,ã¯ã„,ãªã—,2021-11-30,2026-01-27,2026-01-27,2026-01-27,v0.2.7 (2026-01-27),https://github.com/KenichiroArai/kmg-tool-base
2026-01-29T18:55:56.924Z,2026-01-30T03:55:56.924+09:00,kmg-tool-gui,KenichiroArai/kmg-tool-gui,KMGãƒ„ãƒ¼ãƒ«ã®GUIã€‚,é »ç¹ã«æ›´æ–°,Issueæ›´æ–°,5,0,0,0,2,13,41,196 KB,Java,MIT License,ãƒˆãƒ”ãƒƒã‚¯ãªã—,âœ… ã‚¢ã‚¯ãƒ†ã‚£ãƒ–,ğŸ”“ ãƒ‘ãƒ–ãƒªãƒƒã‚¯,main,ã¯ã„,ã¯ã„,ã¯ã„,ãªã—,2025-10-18,2026-01-23,2026-01-23,2026-01-24,v0.1.2 (2026-01-23),https://github.com/KenichiroArai/kmg-tool-gui
2026-01-29T18:55:56.924Z,2026-01-30T03:55:56.924+09:00,kmg-fund,KenichiroArai/kmg-fund,KMGåŸºç›¤ã€‚KMGã‚·ãƒªãƒ¼ã‚ºã®åŸºç›¤ã«ãªã‚‹ãƒ—ãƒ­ã‚¸ã‚§ã‚¯ãƒˆã§ã™ã€‚Spring Bootãƒ•ãƒ¬ãƒ¼ãƒ ãƒ¯ãƒ¼ã‚¯ã‚’ãƒ™ãƒ¼ã‚¹ã«ã—ã¦ã„ã‚‹ã€‚,é »ç¹ã«æ›´æ–°,Issueæ›´æ–°,3,0,0,0,0,45,266,677 KB,Java,MIT License,ãƒˆãƒ”ãƒƒã‚¯ãªã—,âœ… ã‚¢ã‚¯ãƒ†ã‚£ãƒ–,ğŸ”“ ãƒ‘ãƒ–ãƒªãƒƒã‚¯,main,ã¯ã„,ã¯ã„,ã¯ã„,ãªã—,2025-02-06,2026-01-12,2026-01-26,2026-01-26,v0.2.4 (2026-01-12),https://github.com/KenichiroArai/kmg-fund
2026-01-29T18:55:56.924Z,2026-01-30T03:55:56.924+09:00,daily-tasks-git,KenichiroArai/daily-tasks-git,æ¯æ—¥ã‚¿ã‚¹ã‚¯GITç”¨,é »ç¹ã«æ›´æ–°,Issueæ›´æ–°,0,0,0,0,1,120,12,17 KB,ä¸æ˜,MIT License,ãƒˆãƒ”ãƒƒã‚¯ãªã—,âœ… ã‚¢ã‚¯ãƒ†ã‚£ãƒ–,ğŸ”“ ãƒ‘ãƒ–ãƒªãƒƒã‚¯,main,ã¯ã„,ã¯ã„,ã¯ã„,ãªã—,2025-10-01,2026-01-09,2026-01-09,2026-01-29,ãƒªãƒªãƒ¼ã‚¹ãªã—,https://github.com/KenichiroArai/daily-tasks-git
2026-01-29T18:55:56.924Z,2026-01-30T03:55:56.924+09:00,kmg-core,KenichiroArai/kmg-core,KMGã‚³ã‚¢ã€‚KMGã‚·ãƒªãƒ¼ã‚ºã®æ ¸ã«ãªã‚‹ãƒ—ãƒ­ã‚¸ã‚§ã‚¯ãƒˆã§ã™ã€‚ãƒ•ãƒ¬ãƒ¼ãƒ ãƒ¯ãƒ¼ã‚¯ãªã©ã®ä¾å­˜é–¢ä¿‚ãŒå°‘ãªã„ã§ã™ã€‚,å®šæœŸçš„ã«æ›´æ–°,Issueæ›´æ–°,10,0,0,0,0,61,757,1 MB,Java,MIT License,ãƒˆãƒ”ãƒƒã‚¯ãªã—,âœ… ã‚¢ã‚¯ãƒ†ã‚£ãƒ–,ğŸ”“ ãƒ‘ãƒ–ãƒªãƒƒã‚¯,main,ã¯ã„,ã¯ã„,ã¯ã„,ãªã—,2021-11-27,2026-01-08,2026-01-19,2026-01-19,v0.2.6 (2026-01-08),https://github.com/KenichiroArai/kmg-core
2026-01-29T18:55:56.924Z,2026-01-30T03:55:56.924+09:00,kmg-javafx,KenichiroArai/kmg-javafx,KMGã‚·ãƒªãƒ¼ã‚ºã®JavaFXå…±é€šæ©Ÿèƒ½ã€‚,é »ç¹ã«æ›´æ–°,Push,3,0,0,0,1,7,53,158 KB,Java,MIT License,ãƒˆãƒ”ãƒƒã‚¯ãªã—,âœ… ã‚¢ã‚¯ãƒ†ã‚£ãƒ–,ğŸ”“ ãƒ‘ãƒ–ãƒªãƒƒã‚¯,main,ã¯ã„,ã¯ã„,ã¯ã„,ãªã—,2025-10-18,2025-12-22,2026-01-26,2026-01-26,v0.1.1 (2025-12-22),https://github.com/KenichiroArai/kmg-javafx
2026-01-29T18:55:56.924Z,2026-01-30T03:55:56.924+09:00,everyday-use-git,KenichiroArai/everyday-use-git,æ—¥å¸¸ä½¿ç”¨GITç”¨,é »ç¹ã«æ›´æ–°,Issueæ›´æ–°,0,0,0,0,27,251,1,1 KB,ä¸æ˜,MIT License,ãƒˆãƒ”ãƒƒã‚¯ãªã—,âœ… ã‚¢ã‚¯ãƒ†ã‚£ãƒ–,ğŸ”“ ãƒ‘ãƒ–ãƒªãƒƒã‚¯,main,ã¯ã„,ã¯ã„,ã¯ã„,ãªã—,2025-08-05,2025-12-02,2025-08-05,2026-01-29,ãƒªãƒªãƒ¼ã‚¹ãªã—,https://github.com/KenichiroArai/everyday-use-git
2026-01-29T18:55:56.924Z,2026-01-30T03:55:56.924+09:00,simple-repo-observer,KenichiroArai/simple-repo-observer,ã‚·ãƒ³ãƒ—ãƒ«ãƒ»ãƒªãƒã‚¸ãƒˆãƒªãƒ»ã‚ªãƒ–ã‚¶ãƒ¼ãƒãƒ¼ã€‚GitHubä¸Šã®å…¨ãƒªãƒã‚¸ãƒˆãƒªã‚’å®šæœŸçš„ã«è¦³æ¸¬ã—ã€çŠ¶æ…‹ã‚’è‡ªå‹•ã§å¯è¦–åŒ–ãƒ»æ•´ç†ã™ã‚‹çµ±åˆç®¡ç†ãƒªãƒã‚¸ãƒˆãƒªã§ã™ã€‚,å®šæœŸçš„ã«æ›´æ–°,Issueæ›´æ–°,15,0,0,0,60,0,2,14 KB,ä¸æ˜,MIT License,ãƒˆãƒ”ãƒƒã‚¯ãªã—,âœ… ã‚¢ã‚¯ãƒ†ã‚£ãƒ–,ğŸ”“ ãƒ‘ãƒ–ãƒªãƒƒã‚¯,main,ã¯ã„,ã¯ã„,ã¯ã„,ãªã—,2025-11-12,2025-11-13,2025-11-13,2026-01-14,ãƒªãƒªãƒ¼ã‚¹ãªã—,https://github.com/KenichiroArai/simple-repo-observer
2026-01-29T18:55:56.924Z,2026-01-30T03:55:56.924+09:00,sample-github-actions,KenichiroArai/sample-github-actions,èª¬æ˜ãªã—,æ™‚ã€…æ›´æ–°,Push,79,0,0,0,0,0,5,20 KB,Python,ãƒ©ã‚¤ã‚»ãƒ³ã‚¹ãªã—,ãƒˆãƒ”ãƒƒã‚¯ãªã—,âœ… ã‚¢ã‚¯ãƒ†ã‚£ãƒ–,ğŸ”“ ãƒ‘ãƒ–ãƒªãƒƒã‚¯,main,ã¯ã„,ã¯ã„,ã¯ã„,ãªã—,2025-11-10,2025-11-11,2025-11-11,ãªã—,ãƒªãƒªãƒ¼ã‚¹ãªã—,https://github.com/KenichiroArai/sample-github-actions
2026-01-29T18:55:56.924Z,2026-01-30T03:55:56.924+09:00,sandbox,KenichiroArai/sandbox,ãƒ†ã‚¹ãƒˆã€ç¢ºèªã€ã‚µãƒ³ãƒ‰ãƒœãƒƒã‚¯ã‚¹ç”¨ã€‚,æ™‚ã€…æ›´æ–°,Issueæ›´æ–°,83,0,0,0,1,0,0,0 KB,ä¸æ˜,ãƒ©ã‚¤ã‚»ãƒ³ã‚¹ãªã—,ãƒˆãƒ”ãƒƒã‚¯ãªã—,âœ… ã‚¢ã‚¯ãƒ†ã‚£ãƒ–,ğŸ”“ ãƒ‘ãƒ–ãƒªãƒƒã‚¯,main,ã¯ã„,ã¯ã„,ã¯ã„,ãªã—,2025-11-07,2025-11-07,2025-11-07,2025-11-07,ãƒªãƒªãƒ¼ã‚¹ãªã—,https://github.com/KenichiroArai/sandbox
2026-01-29T18:55:56.924Z,2026-01-30T03:55:56.924+09:00,kmg-jrnl,KenichiroArai/kmg-jrnl,KMGè¨˜éŒ²ã€‚jrnlã¯ã€Œjournalã€ã®ç•¥ã€‚KMGã‚·ãƒªãƒ¼ã‚ºã®è¨˜éŒ²ã‚’è¡Œã†ãƒ—ãƒ­ã‚¸ã‚§ã‚¯ãƒˆã§ã™ã€‚,æ™‚ã€…æ›´æ–°,Push,120,0,0,0,0,0,17,24 KB,Shell,MIT License,ãƒˆãƒ”ãƒƒã‚¯ãªã—,âœ… ã‚¢ã‚¯ãƒ†ã‚£ãƒ–,ğŸ”“ ãƒ‘ãƒ–ãƒªãƒƒã‚¯,main,ã¯ã„,ã¯ã„,ã¯ã„,ãªã—,2025-04-14,2025-09-30,2025-10-01,2025-09-09,ãƒªãƒªãƒ¼ã‚¹ãªã—,https://github.com/KenichiroArai/kmg-jrnl
2026-01-29T18:55:56.924Z,2026-01-30T03:55:56.924+09:00,basic-to-junior-learning,KenichiroArai/basic-to-junior-learning,å°å­¦ã®æ•™ç§‘æ›¸ãƒ¬ãƒ™ãƒ«ï½ä¸­å­¦å—é¨“ãƒ¬ãƒ™ãƒ«ï½ä¸­å­¦ã®æ•™ç§‘æ›¸ãƒ¬ãƒ™ãƒ«ï½é«˜æ ¡å—é¨“ãƒ¬ãƒ™ãƒ«ã®å­¦ç¿’ã‚’ç®¡ç†ã™ã‚‹ãƒ—ãƒ­ã‚¸ã‚§ã‚¯ãƒˆã§ã‚ã‚‹ã€‚,é »ç¹ã«æ›´æ–°,Issueæ›´æ–°,0,0,0,0,9,60,1,1 KB,ä¸æ˜,MIT License,ãƒˆãƒ”ãƒƒã‚¯ãªã—,âœ… ã‚¢ã‚¯ãƒ†ã‚£ãƒ–,ğŸ”“ ãƒ‘ãƒ–ãƒªãƒƒã‚¯,main,ã¯ã„,ã¯ã„,ã¯ã„,ãªã—,2025-09-05,2025-09-17,2025-09-05,2026-01-29,ãƒªãƒªãƒ¼ã‚¹ãªã—,https://github.com/KenichiroArai/basic-to-junior-learning
2026-01-29T18:55:56.924Z,2026-01-30T03:55:56.924+09:00,Zenn,KenichiroArai/Zenn,èª¬æ˜ãªã—,æ™‚ã€…æ›´æ–°,Push,178,0,0,0,0,0,53,48 KB,ä¸æ˜,MIT License,ãƒˆãƒ”ãƒƒã‚¯ãªã—,âœ… ã‚¢ã‚¯ãƒ†ã‚£ãƒ–,ğŸ”“ ãƒ‘ãƒ–ãƒªãƒƒã‚¯,main,ã¯ã„,ã¯ã„,ã¯ã„,ãªã—,2025-04-27,2025-08-04,2025-08-04,ãªã—,ãƒªãƒªãƒ¼ã‚¹ãªã—,https://github.com/KenichiroArai/Zenn
2026-01-29T18:55:56.924Z,2026-01-30T03:55:56.924+09:00,.cursor,KenichiroArai/.cursor,.cursorã®è¨­å®šãƒ•ã‚¡ã‚¤ãƒ«,æ›´æ–°ãŒå°‘ãªã„,Issueæ›´æ–°,181,0,0,0,0,0,21,20 KB,ä¸æ˜,MIT License,ãƒˆãƒ”ãƒƒã‚¯ãªã—,âœ… ã‚¢ã‚¯ãƒ†ã‚£ãƒ–,ğŸ”“ ãƒ‘ãƒ–ãƒªãƒƒã‚¯,main,ã¯ã„,ã¯ã„,ã¯ã„,ãªã—,2025-01-27,2025-08-01,2025-08-01,2025-08-01,ãƒªãƒªãƒ¼ã‚¹ãªã—,https://github.com/KenichiroArai/.cursor
2026-01-29T18:55:56.924Z,2026-01-30T03:55:56.924+09:00,gemini-cli,KenichiroArai/gemini-cli,èª¬æ˜ãªã—,æ›´æ–°ãŒå°‘ãªã„,Push,198,0,0,0,0,0,0,0 KB,ä¸æ˜,ãƒ©ã‚¤ã‚»ãƒ³ã‚¹ãªã—,ãƒˆãƒ”ãƒƒã‚¯ãªã—,âœ… ã‚¢ã‚¯ãƒ†ã‚£ãƒ–,ğŸ”“ ãƒ‘ãƒ–ãƒªãƒƒã‚¯,main,ã¯ã„,ã¯ã„,ã¯ã„,ãªã—,2025-07-15,2025-07-15,2025-07-15,ãªã—,ãƒªãƒªãƒ¼ã‚¹ãªã—,https://github.com/KenichiroArai/gemini-cli
2026-01-29T18:55:56.924Z,2026-01-30T03:55:56.924+09:00,sample-devcontainer-hotreload,KenichiroArai/sample-devcontainer-hotreload,èª¬æ˜ãªã—,æ›´æ–°ãŒå°‘ãªã„,Push,207,0,0,0,0,0,8,187 KB,JavaScript,MIT License,ãƒˆãƒ”ãƒƒã‚¯ãªã—,âœ… ã‚¢ã‚¯ãƒ†ã‚£ãƒ–,ğŸ”“ ãƒ‘ãƒ–ãƒªãƒƒã‚¯,main,ã¯ã„,ã¯ã„,ã¯ã„,ãªã—,2025-07-06,2025-07-06,2025-07-06,ãªã—,ãƒªãƒªãƒ¼ã‚¹ãªã—,https://github.com/KenichiroArai/sample-devcontainer-hotreload
2026-01-29T18:55:56.924Z,2026-01-30T03:55:56.924+09:00,nextjs-boilerplate,KenichiroArai/nextjs-boilerplate,èª¬æ˜ãªã—,æ›´æ–°ãŒå°‘ãªã„,Push,294,0,0,0,0,0,1,25 KB,TypeScript,ãƒ©ã‚¤ã‚»ãƒ³ã‚¹ãªã—,ãƒˆãƒ”ãƒƒã‚¯ãªã—,âœ… ã‚¢ã‚¯ãƒ†ã‚£ãƒ–,ğŸ”“ ãƒ‘ãƒ–ãƒªãƒƒã‚¯,main,ã¯ã„,ã„ã„ãˆ,ã¯ã„,https://nextjs-boilerplate-rho-pink-64.vercel.app,2025-04-10,2025-04-10,2025-04-10,ãªã—,ãƒªãƒªãƒ¼ã‚¹ãªã—,https://github.com/KenichiroArai/nextjs-boilerplate
2026-01-29T18:55:56.924Z,2026-01-30T03:55:56.924+09:00,directory-operation-parallel-execution-tool,KenichiroArai/directory-operation-parallel-execution-tool,ãƒ‡ã‚£ãƒ¬ã‚¯ãƒˆãƒªæ“ä½œä¸¦è¡Œå®Ÿè¡Œãƒ„ãƒ¼ãƒ«,æ›´æ–°ãŒå°‘ãªã„,Issueæ›´æ–°,342,0,0,0,0,0,191,337 KB,Java,MIT License,ãƒˆãƒ”ãƒƒã‚¯ãªã—,âœ… ã‚¢ã‚¯ãƒ†ã‚£ãƒ–,ğŸ”“ ãƒ‘ãƒ–ãƒªãƒƒã‚¯,main,ã¯ã„,ã¯ã„,ã¯ã„,ãªã—,2025-01-13,2025-02-21,2025-02-21,2025-02-21,ãƒªãƒªãƒ¼ã‚¹ãªã—,https://github.com/KenichiroArai/directory-operation-parallel-execution-tool
2026-01-29T18:55:56.924Z,2026-01-30T03:55:56.924+09:00,sample-java-simple-releases-packages,KenichiroArai/sample-java-simple-releases-packages,ã‚·ãƒ³ãƒ—ãƒ«ãª Java ã§ GitHub Releases ã¨ Packages ã‚’è©¦ã™ã‚µãƒ³ãƒ—ãƒ«ãƒ—ãƒ­ã‚¸ã‚§ã‚¯ãƒˆã§ã™ã€‚,æ›´æ–°ãŒå°‘ãªã„,Push,346,0,0,0,0,0,11,13 KB,Batchfile,ãƒ©ã‚¤ã‚»ãƒ³ã‚¹ãªã—,ãƒˆãƒ”ãƒƒã‚¯ãªã—,âœ… ã‚¢ã‚¯ãƒ†ã‚£ãƒ–,ğŸ”“ ãƒ‘ãƒ–ãƒªãƒƒã‚¯,main,ã¯ã„,ã¯ã„,ã¯ã„,ãªã—,2025-02-17,2025-02-17,2025-02-17,2025-02-17,v0.1.0 (2025-02-17),https://github.com/KenichiroArai/sample-java-simple-releases-packages
2026-01-29T18:55:56.924Z,2026-01-30T03:55:56.924+09:00,sample-java-simple-packages,KenichiroArai/sample-java-simple-packages,ã‚·ãƒ³ãƒ—ãƒ«ãª Java ã§ GitHub Packagesã‚’è©¦ã™ã‚µãƒ³ãƒ—ãƒ«ãƒ—ãƒ­ã‚¸ã‚§ã‚¯ãƒˆã§ã™ã€‚,æ›´æ–°ãŒå°‘ãªã„,Push,346,0,0,0,0,0,6,8 KB,Java,MIT License,ãƒˆãƒ”ãƒƒã‚¯ãªã—,âœ… ã‚¢ã‚¯ãƒ†ã‚£ãƒ–,ğŸ”“ ãƒ‘ãƒ–ãƒªãƒƒã‚¯,main,ã¯ã„,ã¯ã„,ã¯ã„,ãªã—,2025-02-15,2025-02-17,2025-02-17,2025-02-17,v0.1.0 (2025-02-17),https://github.com/KenichiroArai/sample-java-simple-packages
2026-01-29T18:55:56.924Z,2026-01-30T03:55:56.924+09:00,sample-java-simple-releases,KenichiroArai/sample-java-simple-releases,ã‚·ãƒ³ãƒ—ãƒ«ãªJavaã§GitHub Releasesã‚’è©¦ã™ã‚µãƒ³ãƒ—ãƒ«ãƒ—ãƒ­ã‚¸ã‚§ã‚¯ãƒˆã§ã™ã€‚,æ›´æ–°ãŒå°‘ãªã„,Push,346,0,0,0,0,0,89,69 KB,Batchfile,MIT License,ãƒˆãƒ”ãƒƒã‚¯ãªã—,âœ… ã‚¢ã‚¯ãƒ†ã‚£ãƒ–,ğŸ”“ ãƒ‘ãƒ–ãƒªãƒƒã‚¯,main,ã¯ã„,ã¯ã„,ã¯ã„,ãªã—,2025-02-13,2025-02-17,2025-02-17,2025-02-17,v0.1.0 (2025-02-17),https://github.com/KenichiroArai/sample-java-simple-releases
2026-01-29T18:55:56.924Z,2026-01-30T03:55:56.924+09:00,example-github-cicd,KenichiroArai/example-github-cicd,èª¬æ˜ãªã—,åœæ»ä¸­,Push,366,0,0,0,0,0,5,3 KB,Go,ãƒ©ã‚¤ã‚»ãƒ³ã‚¹ãªã—,ãƒˆãƒ”ãƒƒã‚¯ãªã—,âœ… ã‚¢ã‚¯ãƒ†ã‚£ãƒ–,ğŸ”“ ãƒ‘ãƒ–ãƒªãƒƒã‚¯,main,ã¯ã„,ã¯ã„,ã¯ã„,ãªã—,2025-01-26,2025-01-28,2025-01-28,ãªã—,ãƒªãƒªãƒ¼ã‚¹ãªã—,https://github.com/KenichiroArai/example-github-cicd
2026-01-29T18:55:56.924Z,2026-01-30T03:55:56.924+09:00,maven-dependency-sample,KenichiroArai/maven-dependency-sample,èª¬æ˜ãªã—,åœæ»ä¸­,Issueæ›´æ–°,369,0,0,0,0,0,9,11 KB,Java,MIT License,ãƒˆãƒ”ãƒƒã‚¯ãªã—,âœ… ã‚¢ã‚¯ãƒ†ã‚£ãƒ–,ğŸ”“ ãƒ‘ãƒ–ãƒªãƒƒã‚¯,main,ã¯ã„,ã¯ã„,ã¯ã„,ãªã—,2025-01-25,2025-01-25,2025-01-25,2025-01-25,ãƒªãƒªãƒ¼ã‚¹ãªã—,https://github.com/KenichiroArai/maven-dependency-sample
2026-01-29T18:55:56.924Z,2026-01-30T03:55:56.924+09:00,No002_ThreeStageScreenTradingSystem_Doc,KenichiroArai/No002_ThreeStageScreenTradingSystem_Doc,ä¸‰æ®µéšã‚¹ã‚¯ãƒªãƒ¼ãƒ³ãƒ»ãƒˆãƒ¬ãƒ¼ãƒ‡ã‚£ãƒ³ã‚°ãƒ»ã‚·ã‚¹ãƒ†ãƒ ã®ãƒ‰ã‚­ãƒ¥ãƒ¡ãƒ³ãƒˆ,åœæ»ä¸­,Push,373,0,0,0,0,0,64,4 MB,Batchfile,MIT License,ãƒˆãƒ”ãƒƒã‚¯ãªã—,âœ… ã‚¢ã‚¯ãƒ†ã‚£ãƒ–,ğŸ”“ ãƒ‘ãƒ–ãƒªãƒƒã‚¯,main,ã¯ã„,ã¯ã„,ã¯ã„,ãªã—,2021-04-04,2025-01-21,2025-01-21,ãªã—,ãƒªãƒªãƒ¼ã‚¹ãªã—,https://github.com/KenichiroArai/No002_ThreeStageScreenTradingSystem_Doc
2026-01-29T18:55:56.924Z,2026-01-30T03:55:56.924+09:00,KMG_IM_STOCK_CORE_SRC,KenichiroArai/KMG_IM_STOCK_CORE_SRC,èª¬æ˜ãªã—,åœæ»ä¸­,Push,373,0,0,0,0,0,13,257 KB,Java,MIT License,ãƒˆãƒ”ãƒƒã‚¯ãªã—,âœ… ã‚¢ã‚¯ãƒ†ã‚£ãƒ–,ğŸ”“ ãƒ‘ãƒ–ãƒªãƒƒã‚¯,main,ã¯ã„,ã¯ã„,ã¯ã„,ãªã—,2021-12-01,2025-01-21,2025-01-21,ãªã—,ãƒªãƒªãƒ¼ã‚¹ãªã—,https://github.com/KenichiroArai/KMG_IM_STOCK_CORE_SRC
2026-01-29T18:55:56.924Z,2026-01-30T03:55:56.924+09:00,No002_ThreeStageScreenTradingSystem_Src,KenichiroArai/No002_ThreeStageScreenTradingSystem_Src,ä¸‰æ®µéšã‚¹ã‚¯ãƒªãƒ¼ãƒ³ãƒ»ãƒˆãƒ¬ãƒ¼ãƒ‡ã‚£ãƒ³ã‚°ãƒ»ã‚·ã‚¹ãƒ†ãƒ ã®ã‚½ãƒ¼ã‚¹,åœæ»ä¸­,Push,373,0,0,0,0,0,72,465 KB,Java,MIT License,ãƒˆãƒ”ãƒƒã‚¯ãªã—,âœ… ã‚¢ã‚¯ãƒ†ã‚£ãƒ–,ğŸ”“ ãƒ‘ãƒ–ãƒªãƒƒã‚¯,main,ã¯ã„,ã¯ã„,ã¯ã„,ãªã—,2021-04-04,2025-01-21,2025-01-21,ãªã—,ãƒªãƒªãƒ¼ã‚¹ãªã—,https://github.com/KenichiroArai/No002_ThreeStageScreenTradingSystem_Src
2026-01-29T18:55:56.924Z,2026-01-30T03:55:56.924+09:00,Google-Colab,KenichiroArai/Google-Colab,èª¬æ˜ãªã—,åœæ»ä¸­,Push,373,0,0,0,0,0,11,28 KB,Jupyter Notebook,MIT License,ãƒˆãƒ”ãƒƒã‚¯ãªã—,âœ… ã‚¢ã‚¯ãƒ†ã‚£ãƒ–,ğŸ”“ ãƒ‘ãƒ–ãƒªãƒƒã‚¯,main,ã¯ã„,ã¯ã„,ã¯ã„,ãªã—,2025-01-02,2025-01-21,2025-01-21,ãªã—,ãƒªãƒªãƒ¼ã‚¹ãªã—,https://github.com/KenichiroArai/Google-Colab
2026-01-29T18:55:56.924Z,2026-01-30T03:55:56.924+09:00,GAS,KenichiroArai/GAS,Google Apps Script,åœæ»ä¸­,Push,373,0,0,0,0,0,15,21 KB,JavaScript,MIT License,ãƒˆãƒ”ãƒƒã‚¯ãªã—,âœ… ã‚¢ã‚¯ãƒ†ã‚£ãƒ–,ğŸ”“ ãƒ‘ãƒ–ãƒªãƒƒã‚¯,main,ã¯ã„,ã¯ã„,ã¯ã„,ãªã—,2024-07-03,2025-01-21,2025-01-21,ãªã—,ãƒªãƒªãƒ¼ã‚¹ãªã—,https://github.com/KenichiroArai/GAS
2026-01-29T18:55:56.924Z,2026-01-30T03:55:56.924+09:00,gas-spreadsheet-csv-joiner-tool,KenichiroArai/gas-spreadsheet-csv-joiner-tool,Google ã‚¹ãƒ—ãƒ¬ãƒƒãƒ‰ã‚·ãƒ¼ãƒˆä¸Šã§GASã‚’ä½¿ã„ã€CSVã‚’çµåˆãƒ„ãƒ¼ãƒ«ã§ã™ã€‚,åœæ»ä¸­,Push,373,0,0,0,0,0,14,93 KB,JavaScript,MIT License,ãƒˆãƒ”ãƒƒã‚¯ãªã—,âœ… ã‚¢ã‚¯ãƒ†ã‚£ãƒ–,ğŸ”“ ãƒ‘ãƒ–ãƒªãƒƒã‚¯,main,ã¯ã„,ã¯ã„,ã¯ã„,ãªã—,2025-01-10,2025-01-21,2025-01-21,ãªã—,ãƒªãƒªãƒ¼ã‚¹ãªã—,https://github.com/KenichiroArai/gas-spreadsheet-csv-joiner-tool
2026-01-29T18:55:56.924Z,2026-01-30T03:55:56.924+09:00,fullstack-capstone-project,KenichiroArai/fullstack-capstone-project,èª¬æ˜ãªã—,åœæ»ä¸­,Push,403,0,0,0,11,0,27,49 MB,JavaScript,Apache License 2.0,ãƒˆãƒ”ãƒƒã‚¯ãªã—,âœ… ã‚¢ã‚¯ãƒ†ã‚£ãƒ–,ğŸ”“ ãƒ‘ãƒ–ãƒªãƒƒã‚¯,main,ã¯ã„,ã¯ã„,ã¯ã„,ãªã—,2024-12-17,2024-12-22,2024-12-22,2024-12-17,ãƒªãƒªãƒ¼ã‚¹ãªã—,https://github.com/KenichiroArai/fullstack-capstone-project
2026-01-29T18:55:56.924Z,2026-01-30T03:55:56.924+09:00,rofgy-backend-nodejs-finalproject,KenichiroArai/rofgy-backend-nodejs-finalproject,backend-nodejs-finalproejct,åœæ»ä¸­,Push,410,0,0,0,0,0,19,51 KB,HTML,Apache License 2.0,ãƒˆãƒ”ãƒƒã‚¯ãªã—,âœ… ã‚¢ã‚¯ãƒ†ã‚£ãƒ–,ğŸ”“ ãƒ‘ãƒ–ãƒªãƒƒã‚¯,main,ã„ã„ãˆ,ã¯ã„,ã¯ã„,ãªã—,2024-12-15,2024-12-15,2024-12-15,ãªã—,ãƒªãƒªãƒ¼ã‚¹ãªã—,https://github.com/KenichiroArai/rofgy-backend-nodejs-finalproject
2026-01-29T18:55:56.924Z,2026-01-30T03:55:56.924+09:00,abltc-backend-nodejs-customerportal,KenichiroArai/abltc-backend-nodejs-customerportal,backend-nodejs-customerportal,åœæ»ä¸­,Push,411,0,0,0,0,0,14,166 KB,HTML,Apache License 2.0,ãƒˆãƒ”ãƒƒã‚¯ãªã—,âœ… ã‚¢ã‚¯ãƒ†ã‚£ãƒ–,ğŸ”“ ãƒ‘ãƒ–ãƒªãƒƒã‚¯,main,ã„ã„ãˆ,ã¯ã„,ã¯ã„,ãªã—,2024-12-12,2024-12-14,2024-12-14,ãªã—,ãƒªãƒªãƒ¼ã‚¹ãªã—,https://github.com/KenichiroArai/abltc-backend-nodejs-customerportal
2026-01-29T18:55:56.924Z,2026-01-30T03:55:56.924+09:00,travelRecommendation,KenichiroArai/travelRecommendation,èª¬æ˜ãªã—,åœæ»ä¸­,Push,414,0,0,0,0,0,8,1 MB,HTML,ãƒ©ã‚¤ã‚»ãƒ³ã‚¹ãªã—,ãƒˆãƒ”ãƒƒã‚¯ãªã—,âœ… ã‚¢ã‚¯ãƒ†ã‚£ãƒ–,ğŸ”“ ãƒ‘ãƒ–ãƒªãƒƒã‚¯,main,ã¯ã„,ã¯ã„,ã¯ã„,ãªã—,2024-12-10,2024-12-11,2024-12-11,ãªã—,ãƒªãƒªãƒ¼ã‚¹ãªã—,https://github.com/KenichiroArai/travelRecommendation
2026-01-29T18:55:56.924Z,2026-01-30T03:55:56.924+09:00,heath_census,KenichiroArai/heath_census,èª¬æ˜ãªã—,åœæ»ä¸­,Push,417,0,0,0,0,0,3,4 KB,HTML,ãƒ©ã‚¤ã‚»ãƒ³ã‚¹ãªã—,ãƒˆãƒ”ãƒƒã‚¯ãªã—,âœ… ã‚¢ã‚¯ãƒ†ã‚£ãƒ–,ğŸ”“ ãƒ‘ãƒ–ãƒªãƒƒã‚¯,master,ã¯ã„,ã¯ã„,ã¯ã„,ãªã—,2024-12-08,2024-12-08,2024-12-08,ãªã—,ãƒªãƒªãƒ¼ã‚¹ãªã—,https://github.com/KenichiroArai/heath_census
2026-01-29T18:55:56.924Z,2026-01-30T03:55:56.924+09:00,tc-pipeline,KenichiroArai/tc-pipeline,èª¬æ˜ãªã—,åœæ»ä¸­,Push,419,0,0,0,0,0,76,67 KB,ä¸æ˜,ãƒ©ã‚¤ã‚»ãƒ³ã‚¹ãªã—,ãƒˆãƒ”ãƒƒã‚¯ãªã—,âœ… ã‚¢ã‚¯ãƒ†ã‚£ãƒ–,ğŸ”“ ãƒ‘ãƒ–ãƒªãƒƒã‚¯,main,ã„ã„ãˆ,ã¯ã„,ã¯ã„,ãªã—,2024-12-06,2024-12-06,2024-12-06,ãªã—,ãƒªãƒªãƒ¼ã‚¹ãªã—,https://github.com/KenichiroArai/tc-pipeline
2026-01-29T18:55:56.924Z,2026-01-30T03:55:56.924+09:00,tax_calculator,KenichiroArai/tax_calculator,èª¬æ˜ãªã—,åœæ»ä¸­,Push,419,0,0,0,0,0,6,21 KB,HTML,ãƒ©ã‚¤ã‚»ãƒ³ã‚¹ãªã—,ãƒˆãƒ”ãƒƒã‚¯ãªã—,âœ… ã‚¢ã‚¯ãƒ†ã‚£ãƒ–,ğŸ”“ ãƒ‘ãƒ–ãƒªãƒƒã‚¯,main,ã„ã„ãˆ,ã¯ã„,ã¯ã„,ãªã—,2024-12-06,2024-12-06,2024-12-06,ãªã—,ãƒªãƒªãƒ¼ã‚¹ãªã—,https://github.com/KenichiroArai/tax_calculator
2026-01-29T18:55:56.924Z,2026-01-30T03:55:56.924+09:00,wtecc-CICD_PracticeCode,KenichiroArai/wtecc-CICD_PracticeCode,CICD_PracticeCode,åœæ»ä¸­,Push,420,0,0,0,0,0,25,40 KB,Python,Apache License 2.0,ãƒˆãƒ”ãƒƒã‚¯ãªã—,âœ… ã‚¢ã‚¯ãƒ†ã‚£ãƒ–,ğŸ”“ ãƒ‘ãƒ–ãƒªãƒƒã‚¯,main,ã„ã„ãˆ,ã¯ã„,ã¯ã„,ãªã—,2024-12-05,2024-12-05,2024-12-05,ãªã—,ãƒªãƒªãƒ¼ã‚¹ãªã—,https://github.com/KenichiroArai/wtecc-CICD_PracticeCode
2026-01-29T18:55:56.924Z,2026-01-30T03:55:56.924+09:00,xrwvm-fullstack_developer_capstone,KenichiroArai/xrwvm-fullstack_developer_capstone,fullstack_developer_capstone,åœæ»ä¸­,Push,424,0,0,0,0,0,254,2 MB,JavaScript,Apache License 2.0,ãƒˆãƒ”ãƒƒã‚¯ãªã—,âœ… ã‚¢ã‚¯ãƒ†ã‚£ãƒ–,ğŸ”“ ãƒ‘ãƒ–ãƒªãƒƒã‚¯,main,ã„ã„ãˆ,ã¯ã„,ã¯ã„,ãªã—,2024-11-24,2024-12-01,2024-12-01,ãªã—,ãƒªãƒªãƒ¼ã‚¹ãªã—,https://github.com/KenichiroArai/xrwvm-fullstack_developer_capstone
2026-01-29T18:55:56.924Z,2026-01-30T03:55:56.924+09:00,tfjzl-final-cloud-app-with-database,KenichiroArai/tfjzl-final-cloud-app-with-database,final-cloud-app-with-database,åœæ»ä¸­,Push,432,0,0,0,0,0,9,1006 KB,JavaScript,Apache License 2.0,ãƒˆãƒ”ãƒƒã‚¯ãªã—,âœ… ã‚¢ã‚¯ãƒ†ã‚£ãƒ–,ğŸ”“ ãƒ‘ãƒ–ãƒªãƒƒã‚¯,main,ã„ã„ãˆ,ã¯ã„,ã¯ã„,ãªã—,2024-11-23,2024-11-23,2024-11-23,ãªã—,ãƒªãƒªãƒ¼ã‚¹ãªã—,https://github.com/KenichiroArai/tfjzl-final-cloud-app-with-database
2026-01-29T18:55:56.924Z,2026-01-30T03:55:56.924+09:00,expressBookReviews,KenichiroArai/expressBookReviews,nodejsFinalModule,åœæ»ä¸­,Push,439,0,0,0,0,0,33,45 KB,JavaScript,Apache License 2.0,ãƒˆãƒ”ãƒƒã‚¯ãªã—,âœ… ã‚¢ã‚¯ãƒ†ã‚£ãƒ–,ğŸ”“ ãƒ‘ãƒ–ãƒªãƒƒã‚¯,main,ã„ã„ãˆ,ã¯ã„,ã¯ã„,ãªã—,2024-11-13,2024-11-16,2024-11-16,ãªã—,ãƒªãƒªãƒ¼ã‚¹ãªã—,https://github.com/KenichiroArai/expressBookReviews
2026-01-29T18:55:56.924Z,2026-01-30T03:55:56.924+09:00,nodejs_PracticeProject_AuthUserMgmt,KenichiroArai/nodejs_PracticeProject_AuthUserMgmt,nodejs_PracticeProject_AuthUserMgmt,åœæ»ä¸­,Push,442,0,0,0,0,0,16,12 KB,JavaScript,Apache License 2.0,ãƒˆãƒ”ãƒƒã‚¯ãªã—,âœ… ã‚¢ã‚¯ãƒ†ã‚£ãƒ–,ğŸ”“ ãƒ‘ãƒ–ãƒªãƒƒã‚¯,main,ã„ã„ãˆ,ã¯ã„,ã¯ã„,ãªã—,2024-11-13,2024-11-13,2024-11-13,ãªã—,ãƒªãƒªãƒ¼ã‚¹ãªã—,https://github.com/KenichiroArai/nodejs_PracticeProject_AuthUserMgmt
2026-01-29T18:55:56.924Z,2026-01-30T03:55:56.924+09:00,lkpho-Cloud-applications-with-Node.js-and-React,KenichiroArai/lkpho-Cloud-applications-with-Node.js-and-React,èª¬æ˜ãªã—,åœæ»ä¸­,Push,444,0,0,0,0,0,170,12 MB,JavaScript,Apache License 2.0,ãƒˆãƒ”ãƒƒã‚¯ãªã—,âœ… ã‚¢ã‚¯ãƒ†ã‚£ãƒ–,ğŸ”“ ãƒ‘ãƒ–ãƒªãƒƒã‚¯,master,ã„ã„ãˆ,ã¯ã„,ã¯ã„,ãªã—,2024-11-09,2024-11-11,2024-11-11,ãªã—,ãƒªãƒªãƒ¼ã‚¹ãªã—,https://github.com/KenichiroArai/lkpho-Cloud-applications-with-Node.js-and-React
2026-01-29T18:55:56.924Z,2026-01-30T03:55:56.924+09:00,mxpfu-nodejsLabs,KenichiroArai/mxpfu-nodejsLabs,nodejsLabs,åœæ»ä¸­,Push,444,0,0,0,0,0,34,27 KB,JavaScript,Apache License 2.0,ãƒˆãƒ”ãƒƒã‚¯ãªã—,âœ… ã‚¢ã‚¯ãƒ†ã‚£ãƒ–,ğŸ”“ ãƒ‘ãƒ–ãƒªãƒƒã‚¯,main,ã„ã„ãˆ,ã¯ã„,ã¯ã„,ãªã—,2024-11-11,2024-11-11,2024-11-11,ãªã—,ãƒªãƒªãƒ¼ã‚¹ãªã—,https://github.com/KenichiroArai/mxpfu-nodejsLabs
2026-01-29T18:55:56.924Z,2026-01-30T03:55:56.924+09:00,e-plantShopping,KenichiroArai/e-plantShopping,e-plantShopping,åœæ»ä¸­,Push,448,0,0,0,0,0,41,206 KB,JavaScript,Apache License 2.0,ãƒˆãƒ”ãƒƒã‚¯ãªã—,âœ… ã‚¢ã‚¯ãƒ†ã‚£ãƒ–,ğŸ”“ ãƒ‘ãƒ–ãƒªãƒƒã‚¯,main,ã„ã„ãˆ,ã¯ã„,ã¯ã„,ãªã—,2024-11-02,2024-11-07,2024-11-07,ãªã—,ãƒªãƒªãƒ¼ã‚¹ãªã—,https://github.com/KenichiroArai/e-plantShopping
2026-01-29T18:55:56.924Z,2026-01-30T03:55:56.924+09:00,conference_event_planner,KenichiroArai/conference_event_planner,conference_event_planner,åœæ»ä¸­,Push,453,0,0,0,0,0,25,358 KB,JavaScript,Apache License 2.0,ãƒˆãƒ”ãƒƒã‚¯ãªã—,âœ… ã‚¢ã‚¯ãƒ†ã‚£ãƒ–,ğŸ”“ ãƒ‘ãƒ–ãƒªãƒƒã‚¯,main,ã„ã„ãˆ,ã¯ã„,ã¯ã„,ãªã—,2024-11-01,2024-11-02,2024-11-02,ãªã—,ãƒªãƒªãƒ¼ã‚¹ãªã—,https://github.com/KenichiroArai/conference_event_planner
2026-01-29T18:55:56.924Z,2026-01-30T03:55:56.924+09:00,learning_react,KenichiroArai/learning_react,èª¬æ˜ãªã—,åœæ»ä¸­,Push,455,0,0,0,0,0,2,95 KB,JavaScript,ãƒ©ã‚¤ã‚»ãƒ³ã‚¹ãªã—,ãƒˆãƒ”ãƒƒã‚¯ãªã—,âœ… ã‚¢ã‚¯ãƒ†ã‚£ãƒ–,ğŸ”“ ãƒ‘ãƒ–ãƒªãƒƒã‚¯,main,ã¯ã„,ã¯ã„,ã¯ã„,ãªã—,2024-10-31,2024-10-31,2024-10-31,ãªã—,ãƒªãƒªãƒ¼ã‚¹ãªã—,https://github.com/KenichiroArai/learning_react
2026-01-29T18:55:56.924Z,2026-01-30T03:55:56.924+09:00,ecommerce_rtk,KenichiroArai/ecommerce_rtk,ecommerce_rtk,åœæ»ä¸­,Push,455,0,0,0,0,0,13,56 KB,JavaScript,Apache License 2.0,ãƒˆãƒ”ãƒƒã‚¯ãªã—,âœ… ã‚¢ã‚¯ãƒ†ã‚£ãƒ–,ğŸ”“ ãƒ‘ãƒ–ãƒªãƒƒã‚¯,main,ã„ã„ãˆ,ã¯ã„,ã¯ã„,ãªã—,2024-10-31,2024-10-31,2024-10-31,ãªã—,ãƒªãƒªãƒ¼ã‚¹ãªã—,https://github.com/KenichiroArai/ecommerce_rtk
2026-01-29T18:55:56.924Z,2026-01-30T03:55:56.924+09:00,feedback_form,KenichiroArai/feedback_form,feedback_form,åœæ»ä¸­,Push,456,0,0,0,0,0,8,47 KB,JavaScript,Apache License 2.0,ãƒˆãƒ”ãƒƒã‚¯ãªã—,âœ… ã‚¢ã‚¯ãƒ†ã‚£ãƒ–,ğŸ”“ ãƒ‘ãƒ–ãƒªãƒƒã‚¯,main,ã„ã„ãˆ,ã¯ã„,ã¯ã„,ãªã—,2024-10-30,2024-10-30,2024-10-30,ãªã—,ãƒªãƒªãƒ¼ã‚¹ãªã—,https://github.com/KenichiroArai/feedback_form
2026-01-29T18:55:56.924Z,2026-01-30T03:55:56.924+09:00,custom_hook,KenichiroArai/custom_hook,custom_hook,åœæ»ä¸­,Push,458,0,0,0,0,0,9,50 KB,JavaScript,Apache License 2.0,ãƒˆãƒ”ãƒƒã‚¯ãªã—,âœ… ã‚¢ã‚¯ãƒ†ã‚£ãƒ–,ğŸ”“ ãƒ‘ãƒ–ãƒªãƒƒã‚¯,main,ã„ã„ãˆ,ã¯ã„,ã¯ã„,ãªã—,2024-10-28,2024-10-28,2024-10-28,ãªã—,ãƒªãƒªãƒ¼ã‚¹ãªã—,https://github.com/KenichiroArai/custom_hook
2026-01-29T18:55:56.924Z,2026-01-30T03:55:56.924+09:00,todo_list,KenichiroArai/todo_list,todo_list,åœæ»ä¸­,Push,459,0,0,0,0,0,6,9 KB,JavaScript,Apache License 2.0,ãƒˆãƒ”ãƒƒã‚¯ãªã—,âœ… ã‚¢ã‚¯ãƒ†ã‚£ãƒ–,ğŸ”“ ãƒ‘ãƒ–ãƒªãƒƒã‚¯,main,ã„ã„ãˆ,ã¯ã„,ã¯ã„,ãªã—,2024-10-27,2024-10-27,2024-10-27,ãªã—,ãƒªãƒªãƒ¼ã‚¹ãªã—,https://github.com/KenichiroArai/todo_list
2026-01-29T18:55:56.924Z,2026-01-30T03:55:56.924+09:00,event_planner,KenichiroArai/event_planner,event_planner,åœæ»ä¸­,Push,459,0,0,0,0,0,6,49 KB,JavaScript,Apache License 2.0,ãƒˆãƒ”ãƒƒã‚¯ãªã—,âœ… ã‚¢ã‚¯ãƒ†ã‚£ãƒ–,ğŸ”“ ãƒ‘ãƒ–ãƒªãƒƒã‚¯,main,ã„ã„ãˆ,ã¯ã„,ã¯ã„,ãªã—,2024-10-27,2024-10-27,2024-10-27,ãªã—,ãƒªãƒªãƒ¼ã‚¹ãªã—,https://github.com/KenichiroArai/event_planner
2026-01-29T18:55:56.924Z,2026-01-30T03:55:56.924+09:00,content_rating,KenichiroArai/content_rating,content_rating,åœæ»ä¸­,Push,461,0,0,0,0,0,9,53 KB,JavaScript,Apache License 2.0,ãƒˆãƒ”ãƒƒã‚¯ãªã—,âœ… ã‚¢ã‚¯ãƒ†ã‚£ãƒ–,ğŸ”“ ãƒ‘ãƒ–ãƒªãƒƒã‚¯,main,ã„ã„ãˆ,ã¯ã„,ã¯ã„,ãªã—,2024-10-25,2024-10-25,2024-10-25,ãªã—,ãƒªãƒªãƒ¼ã‚¹ãªã—,https://github.com/KenichiroArai/content_rating
2026-01-29T18:55:56.924Z,2026-01-30T03:55:56.924+09:00,devops-capstone-project,KenichiroArai/devops-capstone-project,èª¬æ˜ãªã—,åœæ»ä¸­,Issueæ›´æ–°,485,0,0,0,0,10,32,58 KB,Python,Apache License 2.0,ãƒˆãƒ”ãƒƒã‚¯ãªã—,âœ… ã‚¢ã‚¯ãƒ†ã‚£ãƒ–,ğŸ”“ ãƒ‘ãƒ–ãƒªãƒƒã‚¯,main,ã¯ã„,ã¯ã„,ã¯ã„,ãªã—,2024-09-27,2024-10-01,2024-10-01,2024-10-01,ãƒªãƒªãƒ¼ã‚¹ãªã—,https://github.com/KenichiroArai/devops-capstone-project
2026-01-29T18:55:56.924Z,2026-01-30T03:55:56.924+09:00,Coursera,KenichiroArai/Coursera,èª¬æ˜ãªã—,åœæ»ä¸­,Push,533,0,0,0,0,0,20,1 MB,Jupyter Notebook,ãƒ©ã‚¤ã‚»ãƒ³ã‚¹ãªã—,ãƒˆãƒ”ãƒƒã‚¯ãªã—,âœ… ã‚¢ã‚¯ãƒ†ã‚£ãƒ–,ğŸ”“ ãƒ‘ãƒ–ãƒªãƒƒã‚¯,main,ã¯ã„,ã¯ã„,ã¯ã„,ãªã—,2024-05-26,2024-08-14,2024-08-14,2024-08-13,ãƒªãƒªãƒ¼ã‚¹ãªã—,https://github.com/KenichiroArai/Coursera
