リポジトリ名,ステータス,スター数,フォーク数,未解決Issue,言語,最終Push,URL
repo-observer,頻繁に更新,0,0,58,TypeScript,2025-11-13,https://github.com/KenichiroArai/repo-observer
simple-repo-observer,頻繁に更新,0,0,58,不明,2025-11-13,https://github.com/KenichiroArai/simple-repo-observer
Blog,頻繁に更新,0,0,1,HTML,2025-11-13,https://github.com/KenichiroArai/Blog
daily-tasks-git,頻繁に更新,0,0,1,不明,2025-11-12,https://github.com/KenichiroArai/daily-tasks-git
sample-github-actions,頻繁に更新,0,0,0,Python,2025-11-11,https://github.com/KenichiroArai/sample-github-actions
everyday-use-git,頻繁に更新,0,0,33,不明,2025-08-05,https://github.com/KenichiroArai/everyday-use-git
sandbox,頻繁に更新,0,0,1,不明,2025-11-07,https://github.com/KenichiroArai/sandbox
kmg-tool-gui,定期的に更新,0,0,1,Java,2025-11-04,https://github.com/KenichiroArai/kmg-tool-gui
kmg-tool-cli,定期的に更新,0,0,0,Java,2025-11-02,https://github.com/KenichiroArai/kmg-tool-cli
kmg-tool-base,定期的に更新,0,0,12,Java,2025-11-01,https://github.com/KenichiroArai/kmg-tool-base
kmg-javafx,定期的に更新,0,0,1,Java,2025-10-28,https://github.com/KenichiroArai/kmg-javafx
kmg-core,頻繁に更新,0,0,4,Java,2025-11-10,https://github.com/KenichiroArai/kmg-core
kmg-fund,定期的に更新,0,0,1,Java,2025-11-03,https://github.com/KenichiroArai/kmg-fund
kmg-jrnl,時々更新,0,0,0,Shell,2025-10-01,https://github.com/KenichiroArai/kmg-jrnl
basic-to-junior-learning,頻繁に更新,0,0,19,不明,2025-09-05,https://github.com/KenichiroArai/basic-to-junior-learning
Zenn,時々更新,0,0,0,不明,2025-08-04,https://github.com/KenichiroArai/Zenn
.cursor,時々更新,0,0,0,不明,2025-08-01,https://github.com/KenichiroArai/.cursor
gemini-cli,時々更新,0,0,0,不明,2025-07-15,https://github.com/KenichiroArai/gemini-cli
sample-devcontainer-hotreload,時々更新,0,0,0,JavaScript,2025-07-06,https://github.com/KenichiroArai/sample-devcontainer-hotreload
nextjs-boilerplate,更新が少ない,0,0,0,TypeScript,2025-04-10,https://github.com/KenichiroArai/nextjs-boilerplate
DictOpeProj,更新が少ない,0,0,0,不明,2025-02-25,https://github.com/KenichiroArai/DictOpeProj
directory-operation-parallel-execution-tool,更新が少ない,0,0,0,Java,2025-02-21,https://github.com/KenichiroArai/directory-operation-parallel-execution-tool
sample-java-simple-releases-packages,更新が少ない,0,0,0,Batchfile,2025-02-17,https://github.com/KenichiroArai/sample-java-simple-releases-packages
sample-java-simple-packages,更新が少ない,0,0,0,Java,2025-02-17,https://github.com/KenichiroArai/sample-java-simple-packages
sample-java-simple-releases,更新が少ない,0,0,0,Batchfile,2025-02-17,https://github.com/KenichiroArai/sample-java-simple-releases
example-github-cicd,更新が少ない,0,0,0,Go,2025-01-28,https://github.com/KenichiroArai/example-github-cicd
maven-dependency-sample,更新が少ない,0,0,0,Java,2025-01-25,https://github.com/KenichiroArai/maven-dependency-sample
No002_ThreeStageScreenTradingSystem_Doc,更新が少ない,0,0,0,Batchfile,2025-01-21,https://github.com/KenichiroArai/No002_ThreeStageScreenTradingSystem_Doc
KMG_IM_STOCK_CORE_SRC,更新が少ない,0,0,0,Java,2025-01-21,https://github.com/KenichiroArai/KMG_IM_STOCK_CORE_SRC
No002_ThreeStageScreenTradingSystem_Src,更新が少ない,0,0,0,Java,2025-01-21,https://github.com/KenichiroArai/No002_ThreeStageScreenTradingSystem_Src
Google-Colab,更新が少ない,0,0,0,Jupyter Notebook,2025-01-21,https://github.com/KenichiroArai/Google-Colab
GAS,更新が少ない,0,0,0,JavaScript,2025-01-21,https://github.com/KenichiroArai/GAS
gas-spreadsheet-csv-joiner-tool,更新が少ない,0,0,0,JavaScript,2025-01-21,https://github.com/KenichiroArai/gas-spreadsheet-csv-joiner-tool
fullstack-capstone-project,更新が少ない,0,0,11,JavaScript,2024-12-22,https://github.com/KenichiroArai/fullstack-capstone-project
rofgy-backend-nodejs-finalproject,更新が少ない,0,0,0,HTML,2024-12-15,https://github.com/KenichiroArai/rofgy-backend-nodejs-finalproject
abltc-backend-nodejs-customerportal,更新が少ない,0,0,0,HTML,2024-12-14,https://github.com/KenichiroArai/abltc-backend-nodejs-customerportal
travelRecommendation,更新が少ない,0,0,0,HTML,2024-12-11,https://github.com/KenichiroArai/travelRecommendation
heath_census,更新が少ない,0,0,0,HTML,2024-12-08,https://github.com/KenichiroArai/heath_census
tc-pipeline,更新が少ない,0,0,0,不明,2024-12-06,https://github.com/KenichiroArai/tc-pipeline
tax_calculator,更新が少ない,0,0,0,HTML,2024-12-06,https://github.com/KenichiroArai/tax_calculator
wtecc-CICD_PracticeCode,更新が少ない,0,0,0,Python,2024-12-05,https://github.com/KenichiroArai/wtecc-CICD_PracticeCode
xrwvm-fullstack_developer_capstone,更新が少ない,0,0,0,JavaScript,2024-12-01,https://github.com/KenichiroArai/xrwvm-fullstack_developer_capstone
tfjzl-final-cloud-app-with-database,更新が少ない,0,0,0,JavaScript,2024-11-23,https://github.com/KenichiroArai/tfjzl-final-cloud-app-with-database
expressBookReviews,更新が少ない,0,0,0,JavaScript,2024-11-16,https://github.com/KenichiroArai/expressBookReviews
nodejs_PracticeProject_AuthUserMgmt,更新が少ない,0,0,0,JavaScript,2024-11-13,https://github.com/KenichiroArai/nodejs_PracticeProject_AuthUserMgmt
lkpho-Cloud-applications-with-Node.js-and-React,停滞中,0,0,0,JavaScript,2024-11-11,https://github.com/KenichiroArai/lkpho-Cloud-applications-with-Node.js-and-React
mxpfu-nodejsLabs,停滞中,0,0,0,JavaScript,2024-11-11,https://github.com/KenichiroArai/mxpfu-nodejsLabs
e-plantShopping,停滞中,0,0,0,JavaScript,2024-11-07,https://github.com/KenichiroArai/e-plantShopping
conference_event_planner,停滞中,0,0,0,JavaScript,2024-11-02,https://github.com/KenichiroArai/conference_event_planner
learning_react,停滞中,0,0,0,JavaScript,2024-10-31,https://github.com/KenichiroArai/learning_react
ecommerce_rtk,停滞中,0,0,0,JavaScript,2024-10-31,https://github.com/KenichiroArai/ecommerce_rtk
feedback_form,停滞中,0,0,0,JavaScript,2024-10-30,https://github.com/KenichiroArai/feedback_form
custom_hook,停滞中,0,0,0,JavaScript,2024-10-28,https://github.com/KenichiroArai/custom_hook
todo_list,停滞中,0,0,0,JavaScript,2024-10-27,https://github.com/KenichiroArai/todo_list
event_planner,停滞中,0,0,0,JavaScript,2024-10-27,https://github.com/KenichiroArai/event_planner
content_rating,停滞中,0,0,0,JavaScript,2024-10-25,https://github.com/KenichiroArai/content_rating
devops-capstone-project,停滞中,0,0,0,Python,2024-10-01,https://github.com/KenichiroArai/devops-capstone-project
Coursera,停滞中,0,0,0,Jupyter Notebook,2024-08-14,https://github.com/KenichiroArai/Coursera
